{
  "accuracy": [
    0.6666666666666666,
    0.3333333333333333
  ],
  "average_reward": [
    2.0,
    2.121212121212121
  ],
  "average_depth": [
    3.0,
    3.0
  ]
}